{"cameraMode":{"drawMode":0,"name":"Shaded","section":"Shading Mode"},"sceneLighting":true,"audioPlay":false,"sceneViewState":{"m_AlwaysRefresh":false,"showFog":true,"showSkybox":false,"showFlares":true,"showImageEffects":true,"showParticleSystems":true,"showVisualEffectGraphs":true,"m_FxEnabled":true},"in2DMode":false,"pivot":{"x":4.782859802246094,"y":-13.604254722595215,"z":-11.39985466003418},"rotation":{"x":0.10638397186994553,"y":0.8663899898529053,"z":-0.44091880321502688,"w":0.20903301239013673},"size":12.727922439575196,"orthographic":false}