{"cameraMode":{"drawMode":0,"name":"Shaded","section":"Shading Mode"},"sceneLighting":true,"audioPlay":false,"sceneViewState":{"m_AlwaysRefresh":false,"showFog":true,"showSkybox":true,"showFlares":true,"showImageEffects":true,"showParticleSystems":true,"showVisualEffectGraphs":true,"m_FxEnabled":false},"in2DMode":false,"pivot":{"x":16.487112045288087,"y":11.068592071533204,"z":-129.27322387695313},"rotation":{"x":0.002842094749212265,"y":-0.9970760345458984,"z":-0.03914037346839905,"w":-0.06779782474040985},"size":65.91352081298828,"orthographic":false}