{"cameraMode":{"drawMode":0,"name":"Shaded","section":"Shading Mode"},"sceneLighting":true,"audioPlay":false,"sceneViewState":{"m_AlwaysRefresh":false,"showFog":true,"showSkybox":true,"showFlares":true,"showImageEffects":true,"showParticleSystems":true,"showVisualEffectGraphs":true,"m_FxEnabled":false},"in2DMode":false,"pivot":{"x":-8.869421005249024,"y":2.188620090484619,"z":10.58443546295166},"rotation":{"x":-0.007281940896064043,"y":0.9863475561141968,"z":-0.050223104655742648,"w":-0.15820321440696717},"size":5.774973392486572,"orthographic":false}