{"cameraMode":{"drawMode":0,"name":"Shaded","section":"Shading Mode"},"sceneLighting":true,"audioPlay":false,"sceneViewState":{"m_AlwaysRefresh":false,"showFog":true,"showSkybox":true,"showFlares":true,"showImageEffects":true,"showParticleSystems":true,"showVisualEffectGraphs":true,"m_FxEnabled":false},"in2DMode":false,"pivot":{"x":0.9209082126617432,"y":0.5282263159751892,"z":-0.9826057553291321},"rotation":{"x":0.14200398325920106,"y":-0.5517868399620056,"z":0.09604331851005554,"w":0.816402018070221},"size":0.6343274712562561,"orthographic":false}