{"cameraMode":{"drawMode":0,"name":"Shaded","section":"Shading Mode"},"sceneLighting":true,"audioPlay":false,"sceneViewState":{"m_AlwaysRefresh":false,"showFog":true,"showSkybox":false,"showFlares":true,"showImageEffects":true,"showParticleSystems":true,"showVisualEffectGraphs":true,"m_FxEnabled":true},"in2DMode":false,"pivot":{"x":1.014108419418335,"y":1.5119047164916993,"z":-1.7712570428848267},"rotation":{"x":-0.018334565684199334,"y":-0.9817110896110535,"z":0.13609571754932404,"w":-0.13217924535274507},"size":0.9021234512329102,"orthographic":false}