{"cameraMode":{"drawMode":0,"name":"Shaded","section":"Shading Mode"},"sceneLighting":true,"audioPlay":false,"sceneViewState":{"m_AlwaysRefresh":false,"showFog":true,"showSkybox":false,"showFlares":true,"showImageEffects":true,"showParticleSystems":true,"showVisualEffectGraphs":true,"m_FxEnabled":true},"in2DMode":false,"pivot":{"x":0.7066547870635986,"y":0.9143497943878174,"z":-1.5278823375701905},"rotation":{"x":-0.016809508204460145,"y":-0.9467657208442688,"z":0.3176976442337036,"w":-0.05006958544254303},"size":0.9021234512329102,"orthographic":false}