{"cameraMode":{"drawMode":0,"name":"Shaded","section":"Shading Mode"},"sceneLighting":false,"audioPlay":false,"sceneViewState":{"m_AlwaysRefresh":false,"showFog":true,"showSkybox":false,"showFlares":true,"showImageEffects":true,"showParticleSystems":true,"showVisualEffectGraphs":true,"m_FxEnabled":true},"in2DMode":false,"pivot":{"x":-0.002384662628173828,"y":0.45327699184417727,"z":-0.01973968744277954},"rotation":{"x":-0.05171943083405495,"y":-0.8729698657989502,"z":0.09492304176092148,"w":-0.4756520986557007},"size":1.1965773105621338,"orthographic":false}