{"cameraMode":{"drawMode":0,"name":"Shaded","section":"Shading Mode"},"sceneLighting":true,"audioPlay":false,"sceneViewState":{"m_AlwaysRefresh":false,"showFog":true,"showSkybox":false,"showFlares":true,"showImageEffects":true,"showParticleSystems":true,"showVisualEffectGraphs":true,"m_FxEnabled":true},"in2DMode":false,"pivot":{"x":0.621440052986145,"y":0.39441072940826418,"z":-1.2001150846481324},"rotation":{"x":0.04112401604652405,"y":0.9271975755691528,"z":-0.35670778155326846,"w":0.10705355554819107},"size":1.3332840204238892,"orthographic":false}