{"cameraMode":{"drawMode":0,"name":"Shaded","section":"Shading Mode"},"sceneLighting":true,"audioPlay":false,"sceneViewState":{"m_AlwaysRefresh":false,"showFog":true,"showSkybox":false,"showFlares":true,"showImageEffects":true,"showParticleSystems":true,"showVisualEffectGraphs":true,"m_FxEnabled":true},"in2DMode":false,"pivot":{"x":-5.932655334472656,"y":3.1900031566619875,"z":-1.2334117889404297},"rotation":{"x":0.04853804409503937,"y":0.9485816955566406,"z":-0.2561596632003784,"w":0.17972080409526826},"size":1.3332840204238892,"orthographic":false}