{"cameraMode":{"drawMode":0,"name":"Shaded","section":"Shading Mode"},"sceneLighting":true,"audioPlay":false,"sceneViewState":{"m_AlwaysRefresh":false,"showFog":true,"showSkybox":false,"showFlares":true,"showImageEffects":true,"showParticleSystems":true,"showVisualEffectGraphs":true,"m_FxEnabled":true},"in2DMode":false,"pivot":{"x":-1.0453678369522095,"y":2.5518805980682375,"z":3.257450580596924},"rotation":{"x":0.011048182845115662,"y":-0.9818206429481506,"z":0.17993281781673432,"w":0.060121458023786548},"size":1.3332840204238892,"orthographic":false}