{"cameraMode":{"drawMode":0,"name":"Shaded","section":"Shading Mode"},"sceneLighting":true,"audioPlay":false,"sceneViewState":{"m_AlwaysRefresh":false,"showFog":true,"showSkybox":false,"showFlares":true,"showImageEffects":true,"showParticleSystems":true,"showVisualEffectGraphs":true,"m_FxEnabled":true},"in2DMode":false,"pivot":{"x":1.0086772441864014,"y":3.012688636779785,"z":-5.619123458862305},"rotation":{"x":-0.009621432982385159,"y":0.9904121160507202,"z":0.09411763399839401,"w":0.10111934691667557},"size":5.294280052185059,"orthographic":false}