{"cameraMode":{"drawMode":0,"name":"Shaded","section":"Shading Mode"},"sceneLighting":true,"audioPlay":false,"sceneViewState":{"m_AlwaysRefresh":false,"showFog":true,"showSkybox":false,"showFlares":true,"showImageEffects":true,"showParticleSystems":true,"showVisualEffectGraphs":true,"m_FxEnabled":true},"in2DMode":false,"pivot":{"x":-1.0349639654159547,"y":0.32483989000320437,"z":-6.000393867492676},"rotation":{"x":0.00007789353549014777,"y":0.9995061755180359,"z":-0.032750099897384647,"w":0.0027458984404802324},"size":5.294280052185059,"orthographic":false}