{"cameraMode":{"drawMode":0,"name":"Shaded","section":"Shading Mode"},"sceneLighting":false,"audioPlay":false,"sceneViewState":{"m_AlwaysRefresh":false,"showFog":true,"showSkybox":false,"showFlares":true,"showImageEffects":true,"showParticleSystems":true,"showVisualEffectGraphs":true,"m_FxEnabled":true},"in2DMode":false,"pivot":{"x":-0.00010033324360847473,"y":0.032524947077035907,"z":0.00004336610436439514},"rotation":{"x":0.06863518804311753,"y":-0.9238958954811096,"z":0.19813932478427888,"w":0.3201114237308502},"size":0.05815597251057625,"orthographic":false}