{"cameraMode":{"drawMode":0,"name":"Shaded","section":"Shading Mode"},"sceneLighting":false,"audioPlay":false,"sceneViewState":{"m_AlwaysRefresh":false,"showFog":true,"showSkybox":false,"showFlares":true,"showImageEffects":true,"showParticleSystems":true,"showVisualEffectGraphs":true,"m_FxEnabled":false},"in2DMode":false,"pivot":{"x":-0.004162132740020752,"y":-0.19139885902404786,"z":-0.016807258129119874},"rotation":{"x":0.03475194051861763,"y":-0.9379999041557312,"z":0.10180629789829254,"w":0.3302372395992279},"size":0.31314322352409365,"orthographic":false}