{"cameraMode":{"drawMode":0,"name":"Shaded","section":"Shading Mode"},"sceneLighting":true,"audioPlay":false,"sceneViewState":{"m_AlwaysRefresh":false,"showFog":true,"showSkybox":false,"showFlares":true,"showImageEffects":true,"showParticleSystems":true,"showVisualEffectGraphs":true,"m_FxEnabled":true},"in2DMode":false,"pivot":{"x":-0.4440160393714905,"y":-11.207606315612793,"z":-21.293418884277345},"rotation":{"x":0.004368117544800043,"y":-0.9637503623962402,"z":0.2664705812931061,"w":0.015886792913079263},"size":12.727922439575196,"orthographic":false}