{"cameraMode":{"drawMode":0,"name":"Shaded","section":"Shading Mode"},"sceneLighting":true,"audioPlay":false,"sceneViewState":{"m_AlwaysRefresh":false,"showFog":true,"showSkybox":false,"showFlares":true,"showImageEffects":true,"showParticleSystems":true,"showVisualEffectGraphs":true,"m_FxEnabled":true},"in2DMode":false,"pivot":{"x":-2.2706334590911867,"y":-7.300009727478027,"z":24.149017333984376},"rotation":{"x":-0.18295630812644959,"y":0.0527932271361351,"z":-0.009849335066974163,"w":-0.9816994071006775},"size":12.727922439575196,"orthographic":false}