{"cameraMode":{"drawMode":0,"name":"Shaded","section":"Shading Mode"},"sceneLighting":true,"audioPlay":false,"sceneViewState":{"m_AlwaysRefresh":false,"showFog":true,"showSkybox":false,"showFlares":true,"showImageEffects":true,"showParticleSystems":true,"showVisualEffectGraphs":true,"m_FxEnabled":true},"in2DMode":false,"pivot":{"x":-7.819278240203857,"y":-3.2347116470336916,"z":-22.84601593017578},"rotation":{"x":0.014183842577040196,"y":-0.9844062924385071,"z":0.09455598145723343,"w":0.14812606573104859},"size":12.727922439575196,"orthographic":false}