{"cameraMode":{"drawMode":0,"name":"Shaded","section":"Shading Mode"},"sceneLighting":false,"audioPlay":false,"sceneViewState":{"m_AlwaysRefresh":false,"showFog":true,"showSkybox":false,"showFlares":true,"showImageEffects":true,"showParticleSystems":true,"showVisualEffectGraphs":true,"m_FxEnabled":false},"in2DMode":false,"pivot":{"x":-1.7946619987487794,"y":2.3609957695007326,"z":-0.31543540954589846},"rotation":{"x":0.06303572654724121,"y":-0.9263567328453064,"z":0.17832286655902863,"w":0.3261842429637909},"size":3.917257785797119,"orthographic":false}