{"cameraMode":{"drawMode":0,"name":"Shaded","section":"Shading Mode"},"sceneLighting":false,"audioPlay":false,"sceneViewState":{"m_AlwaysRefresh":false,"showFog":true,"showSkybox":false,"showFlares":true,"showImageEffects":true,"showParticleSystems":true,"showVisualEffectGraphs":true,"m_FxEnabled":false},"in2DMode":false,"pivot":{"x":-0.019096091389656068,"y":-0.005135329440236092,"z":-0.1975930631160736},"rotation":{"x":-0.16108737885951997,"y":0.7636076211929321,"z":-0.20869310200214387,"w":-0.5896108746528626},"size":0.14092613756656648,"orthographic":false}