{"cameraMode":{"drawMode":0,"name":"Shaded","section":"Shading Mode"},"sceneLighting":false,"audioPlay":false,"sceneViewState":{"m_AlwaysRefresh":false,"showFog":true,"showSkybox":false,"showFlares":true,"showImageEffects":true,"showParticleSystems":true,"showVisualEffectGraphs":true,"m_FxEnabled":false},"in2DMode":false,"pivot":{"x":0.19993670284748078,"y":0.12641699612140656,"z":0.20983324944972993},"rotation":{"x":-0.10495457053184509,"y":0.8694210648536682,"z":-0.209786057472229,"w":-0.43511131405830386},"size":0.15389487147331239,"orthographic":false}