{"cameraMode":{"drawMode":0,"name":"Shaded","section":"Shading Mode"},"sceneLighting":false,"audioPlay":false,"sceneViewState":{"m_AlwaysRefresh":false,"showFog":true,"showSkybox":false,"showFlares":true,"showImageEffects":true,"showParticleSystems":true,"showVisualEffectGraphs":true,"m_FxEnabled":false},"in2DMode":false,"pivot":{"x":-0.00010278448462486267,"y":0.03332027420401573,"z":0.000044424086809158325},"rotation":{"x":-0.08349396288394928,"y":-0.8663715720176697,"z":0.15478143095970155,"w":-0.46779054403305056},"size":0.059578053653240207,"orthographic":false}